name,year,position,points,points_rank,draft_rank
Antonio Brown,2016,WR,313.5,1,1
Cam Newton,2016,QB,262.2,12,1
Rob Gronkowski,2016,TE,100.0,14,1
Graham Gano,2016,K,132.0,5,1
Carolina,2016,DEF,144.6,5,1
David Johnson,2016,RB,408.4,1,1
Aaron Rodgers,2016,QB,361.8,1,2
Jordan Reed,2016,TE,155.6,6,2
Adrian Peterson,2016,RB,10.0,53,2
Julio Jones,2016,WR,244.3,8,2
Denver,2016,DEF,169.7,3,2
Stephen Gostkowski,2016,K,128.5,6,2
Devonta Freeman,2016,RB,258.4,6,3
Justin Tucker,2016,K,163.0,2,3
Greg Olsen,2016,TE,204.1,2,3
DeAndre Hopkins,2016,WR,179.1,24,3
Russell Wilson,2016,QB,271.3,9,3
Arizona,2016,DEF,143.0,7,3
Andrew Luck,2016,QB,309.2,3,4
Seattle,2016,DEF,143.2,6,4
Coby Fleener,2016,TE,131.5,11,4
Stephen Hauschka,2016,K,124.5,10,4
A.J. Green,2016,WR,190.4,19,4
Lamar Miller,2016,RB,196.1,15,4
Travis Kelce,2016,TE,227.2,1,5
Kansas City,2016,DEF,195.3,1,5
Dez Bryant,2016,WR,184.0,21,5
Chandler Catanzaro,2016,K,98.0,11,5
Drew Brees,2016,QB,339.3,2,5
Le'Veon Bell,2016,RB,324.4,3,5
Brandon McManus,2016,K,127.9,7,6
Jamaal Charles,2016,RB,13.4,52,6
Allen Robinson,2016,WR,188.1,20,6
Ben Roethlisberger,2016,QB,271.2,10,6
Delanie Walker,2016,TE,180.6,4,6
Houston,2016,DEF,119.5,8,6
Doug Martin,2016,RB,86.5,37,7
Tyler Eifert,2016,TE,99.4,15,7
Matt Bryant,2016,K,168.0,1,7
Los Angeles,2016,DEF,112.0,11,7
Tom Brady,2016,QB,239.9,16,7
Brandon Marshall,2016,WR,157.8,30,7
Mark Ingram II,2016,RB,221.0,9,8
Cincinnati,2016,DEF,117.2,9,8
Dan Bailey,2016,K,133.5,4,8
Carson Palmer,2016,QB,245.9,14,8
Alshon Jeffery,2016,WR,145.1,34,8
Zach Ertz,2016,TE,145.8,8,8
Gary Barnidge,2016,TE,115.2,12,9
Eli Manning,2016,QB,241.0,15,9
Jordy Nelson,2016,WR,298.1,2,9
New England,2016,DEF,155.2,4,9
Mason Crosby,2016,K,126.8,9,9
LeSean McCoy,2016,RB,302.7,4,9
Blake Bortles,2016,QB,281.0,6,10
Adam Vinatieri,2016,K,137.0,3,10
Eddie Lacy,2016,RB,43.8,46,10
Julius Thomas,2016,TE,82.1,16,10
Minnesota,2016,DEF,173.3,2,10
Demaryius Thomas,2016,WR,221.6,12,10
Philip Rivers,2016,QB,274.1,8,11
Blair Walsh,2016,K,53.8,12,11
Keenan Allen,2016,WR,12.3,51,11
Martellus Bennett,2016,TE,158.8,5,11
Matt Forte,2016,RB,186.6,18,11
New York,2016,DEF,66.3,12,11
C.J. Anderson,2016,RB,103.5,33,12
T.Y. Hilton,2016,WR,264.4,5,12
Kirk Cousins,2016,QB,308.8,4,12
Cairo Santos,2016,K,127.8,8,12
Antonio Gates,2016,TE,132.3,9,12
Green Bay,2016,DEF,116.5,10,12
Thomas Rawls,2016,RB,69.1,40,13
Jarvis Landry,2016,WR,216.9,13,13
Dwayne Allen,2016,TE,101.2,13,13
Derek Carr,2016,QB,281.5,5,13
Brandin Cooks,2016,WR,244.4,7,14
Latavius Murray,2016,RB,207.7,11,14
Jameis Winston,2016,QB,271.2,10,14
Eric Ebron,2016,TE,132.1,10,14
Dion Lewis,2016,RB,47.8,45,15
Julian Edelman,2016,WR,204.0,16,15
Tyrod Taylor,2016,QB,279.9,7,15
Jason Witten,2016,TE,152.3,7,15
Jimmy Graham,2016,TE,183.9,3,16
Danny Woodhead,2016,RB,27.1,49,16
Randall Cobb,2016,WR,150.0,31,16
Golden Tate,2016,WR,206.7,15,17
Andy Dalton,2016,QB,262.2,12,17
DeMarco Murray,2016,RB,296.9,5,17
Giovani Bernard,2016,RB,124.3,30,18
Jared Goff,2016,QB,57.4,17,18
Jeremy Maclin,2016,WR,100.2,40,18
Jeremy Hill,2016,RB,178.3,19,19
Larry Fitzgerald,2016,WR,230.5,10,19
Eric Decker,2016,WR,41.4,47,20
Matt Jones,2016,RB,79.3,38,20
Jonathan Stewart,2016,RB,135.2,28,21
Doug Baldwin,2016,WR,250.2,6,21
Josh Gordon,2016,WR,0.0,54,22
Ryan Mathews,2016,RB,148.6,24,22
Arian Foster,2016,RB,19.3,51,23
Donte Moncrief,2016,WR,102.6,37,23
Frank Gore,2016,RB,207.6,12,24
Michael Floyd,2016,WR,104.2,36,24
Jeremy Langford,2016,RB,66.5,41,25
John Brown,2016,WR,102.5,38,25
Emmanuel Sanders,2016,WR,215.6,14,26
Theo Riddick,2016,RB,161.8,22,26
Justin Forsett,2016,RB,53.6,44,27
DeVante Parker,2016,WR,146.9,33,27
Marvin Jones Jr.,2016,WR,161.7,29,28
DeAngelo Williams,2016,RB,76.7,39,28
Michael Crabtree,2016,WR,232.6,9,29
Rashad Jennings,2016,RB,125.7,29,29
Tyler Lockett,2016,WR,136.4,35,30
Darren Sproles,2016,RB,160.1,23,30
Chris Ivory,2016,RB,98.5,34,31
Allen Hurns,2016,WR,100.7,39,31
DeSean Jackson,2016,WR,180.1,23,32
Jay Ajayi,2016,RB,209.4,10,32
Tavon Austin,2016,WR,149.5,32,33
Shane Vereen,2016,RB,40.2,47,33
Tevin Coleman,2016,RB,177.2,20,34
Willie Snead IV,2016,WR,181.3,22,34
Bilal Powell,2016,RB,176.3,21,35
Isaiah Crowell,2016,RB,191.3,16,36
Stefon Diggs,2016,WR,196.9,18,36
James Starks,2016,RB,58.9,43,37
Sammie Coates,2016,WR,80.9,44,37
Jerick McKinnon,2016,RB,122.4,31,38
Kamar Aiken,2016,WR,63.6,46,38
Markus Wheaton,2016,WR,17.1,50,39
LeGarrette Blount,2016,RB,226.8,8,39
Kenneth Dixon,2016,RB,87.1,36,40
Steve Smith,2016,WR,178.5,26,40
Vincent Jackson,2016,WR,32.3,49,41
Christine Michael,2016,RB,137.3,27,41
Terrelle Pryor Sr.,2016,WR,200.0,17,42
Spencer Ware,2016,RB,198.8,13,42
C.J. Prosise,2016,RB,61.0,42,43
Mike Evans,2016,WR,290.6,4,43
Alfred Morris,2016,RB,38.1,48,44
Kelvin Benjamin,2016,WR,177.8,27,44
Dorial Green-Beckham,2016,WR,84.7,42,45
Todd Gurley,2016,RB,187.5,17,46
Devin Funchess,2016,WR,86.1,41,46
Derrick Henry,2016,RB,91.9,35,47
Laquon Treadwell,2016,WR,2.5,53,47
Sammy Watkins,2016,WR,76.9,45,48
Ezekiel Elliott,2016,RB,333.4,2,48
Kevin White,2016,WR,38.6,48,49
Ameer Abdullah,2016,RB,26.8,50,49
Jordan Matthews,2016,WR,172.4,28,50
Duke Johnson,2016,RB,146.6,25,50
Sterling Shepard,2016,WR,178.7,25,51
Carlos Hyde,2016,RB,197.1,14,51
Amari Cooper,2016,WR,222.4,11,52
Devontae Booker,2016,RB,120.8,32,52
Melvin Gordon III,2016,RB,255.6,7,53
Corey Coleman,2016,WR,84.4,43,53
T.J. Yeldon,2016,RB,138.7,26,54
Odell Beckham Jr.,2016,WR,293.1,3,54
Josh Doctson,2016,WR,8.6,52,55
